{"training_cover_rate": 0.0337, "_step": 35000, "_runtime": 44, "_timestamp": 1610096671, "value_loss": 0.4975515196720759, "average_episode_reward": 0.2972000241279602}